ticker	name	sector
360ONE.NS	360 ONE WAM Ltd.	Financial Services
3MINDIA.NS	3M India Ltd.	Diversified
ABB.NS	ABB India Ltd.	Capital Goods
ACC.NS	ACC Ltd.	Construction Materials
ACMESOLAR.NS	ACME Solar Holdings Ltd.	Power
AIAENG.NS	AIA Engineering Ltd.	Capital Goods
APLAPOLLO.NS	APL Apollo Tubes Ltd.	Capital Goods
AUBANK.NS	AU Small Finance Bank Ltd.	Financial Services
AWL.NS	AWL Agri Business Ltd.	Fast Moving Consumer Goods
AADHARHFC.NS	Aadhar Housing Finance Ltd.	Financial Services
AARTIIND.NS	Aarti Industries Ltd.	Chemicals
AAVAS.NS	Aavas Financiers Ltd.	Financial Services
ABBOTINDIA.NS	Abbott India Ltd.	Healthcare
ACE.NS	Action Construction Equipment Ltd.	Capital Goods
ADANIENSOL.NS	Adani Energy Solutions Ltd.	Power
ADANIENT.NS	Adani Enterprises Ltd.	Metals & Mining
ADANIGREEN.NS	Adani Green Energy Ltd.	Power
ADANIPORTS.NS	Adani Ports and Special Economic Zone Ltd.	Services
ADANIPOWER.NS	Adani Power Ltd.	Power
ATGL.NS	Adani Total Gas Ltd.	Oil Gas & Consumable Fuels
ABCAPITAL.NS	Aditya Birla Capital Ltd.	Financial Services
ABFRL.NS	Aditya Birla Fashion and Retail Ltd.	Consumer Services
ABREL.NS	Aditya Birla Real Estate Ltd.	Forest Materials
ABSLAMC.NS	Aditya Birla Sun Life AMC Ltd.	Financial Services
AEGISLOG.NS	Aegis Logistics Ltd.	Oil Gas & Consumable Fuels
AFCONS.NS	Afcons Infrastructure Ltd.	Construction
AFFLE.NS	Affle 3i Ltd.	Information Technology
AJANTPHARM.NS	Ajanta Pharmaceuticals Ltd.	Healthcare
AKUMS.NS	Akums Drugs and Pharmaceuticals Ltd.	Healthcare
APLLTD.NS	Alembic Pharmaceuticals Ltd.	Healthcare
ALIVUS.NS	Alivus Life Sciences Ltd.	Healthcare
ALKEM.NS	Alkem Laboratories Ltd.	Healthcare
ALKYLAMINE.NS	Alkyl Amines Chemicals Ltd.	Chemicals
ALOKINDS.NS	Alok Industries Ltd.	Textiles
ARE&M.NS	Amara Raja Energy & Mobility Ltd.	Automobile and Auto Components
AMBER.NS	Amber Enterprises India Ltd.	Consumer Durables
AMBUJACEM.NS	Ambuja Cements Ltd.	Construction Materials
ANANDRATHI.NS	Anand Rathi Wealth Ltd.	Financial Services
ANANTRAJ.NS	Anant Raj Ltd.	Realty
ANGELONE.NS	Angel One Ltd.	Financial Services
APARINDS.NS	Apar Industries Ltd.	Capital Goods
APOLLOHOSP.NS	Apollo Hospitals Enterprise Ltd.	Healthcare
APOLLOTYRE.NS	Apollo Tyres Ltd.	Automobile and Auto Components
APTUS.NS	Aptus Value Housing Finance India Ltd.	Financial Services
ASAHIINDIA.NS	Asahi India Glass Ltd.	Automobile and Auto Components
ASHOKLEY.NS	Ashok Leyland Ltd.	Capital Goods
ASIANPAINT.NS	Asian Paints Ltd.	Consumer Durables
ASTERDM.NS	Aster DM Healthcare Ltd.	Healthcare
ASTRAZEN.NS	AstraZenca Pharma India Ltd.	Healthcare
ASTRAL.NS	Astral Ltd.	Capital Goods
ATUL.NS	Atul Ltd.	Chemicals
AUROPHARMA.NS	Aurobindo Pharma Ltd.	Healthcare
AIIL.NS	Authum Investment & Infrastructure Ltd.	Financial Services
DMART.NS	Avenue Supermarts Ltd.	Consumer Services
AXISBANK.NS	Axis Bank Ltd.	Financial Services
BASF.NS	BASF India Ltd.	Chemicals
BEML.NS	BEML Ltd.	Capital Goods
BLS.NS	BLS International Services Ltd.	Consumer Services
BSE.NS	BSE Ltd.	Financial Services
BAJAJ-AUTO.NS	Bajaj Auto Ltd.	Automobile and Auto Components
BAJFINANCE.NS	Bajaj Finance Ltd.	Financial Services
BAJAJFINSV.NS	Bajaj Finserv Ltd.	Financial Services
BAJAJHLDNG.NS	Bajaj Holdings & Investment Ltd.	Financial Services
BAJAJHFL.NS	Bajaj Housing Finance Ltd.	Financial Services
BALKRISIND.NS	Balkrishna Industries Ltd.	Automobile and Auto Components
BALRAMCHIN.NS	Balrampur Chini Mills Ltd.	Fast Moving Consumer Goods
BANDHANBNK.NS	Bandhan Bank Ltd.	Financial Services
BANKBARODA.NS	Bank of Baroda	Financial Services
BANKINDIA.NS	Bank of India	Financial Services
MAHABANK.NS	Bank of Maharashtra	Financial Services
BATAINDIA.NS	Bata India Ltd.	Consumer Durables
BAYERCROP.NS	Bayer Cropscience Ltd.	Chemicals
BERGEPAINT.NS	Berger Paints India Ltd.	Consumer Durables
BDL.NS	Bharat Dynamics Ltd.	Capital Goods
BEL.NS	Bharat Electronics Ltd.	Capital Goods
BHARATFORG.NS	Bharat Forge Ltd.	Automobile and Auto Components
BHEL.NS	Bharat Heavy Electricals Ltd.	Capital Goods
BPCL.NS	Bharat Petroleum Corporation Ltd.	Oil Gas & Consumable Fuels
BHARTIARTL.NS	Bharti Airtel Ltd.	Telecommunication
BHARTIHEXA.NS	Bharti Hexacom Ltd.	Telecommunication
BIKAJI.NS	Bikaji Foods International Ltd.	Fast Moving Consumer Goods
BIOCON.NS	Biocon Ltd.	Healthcare
BSOFT.NS	Birlasoft Ltd.	Information Technology
BLUEDART.NS	Blue Dart Express Ltd.	Services
BLUESTARCO.NS	Blue Star Ltd.	Consumer Durables
BBTC.NS	Bombay Burmah Trading Corporation Ltd.	Fast Moving Consumer Goods
BOSCHLTD.NS	Bosch Ltd.	Automobile and Auto Components
FIRSTCRY.NS	Brainbees Solutions Ltd.	Consumer Services
BRIGADE.NS	Brigade Enterprises Ltd.	Realty
BRITANNIA.NS	Britannia Industries Ltd.	Fast Moving Consumer Goods
MAPMYINDIA.NS	C.E. Info Systems Ltd.	Information Technology
CCL.NS	CCL Products (I) Ltd.	Fast Moving Consumer Goods
CESC.NS	CESC Ltd.	Power
CGPOWER.NS	CG Power and Industrial Solutions Ltd.	Capital Goods
CRISIL.NS	CRISIL Ltd.	Financial Services
CAMPUS.NS	Campus Activewear Ltd.	Consumer Durables
CANFINHOME.NS	Can Fin Homes Ltd.	Financial Services
CANBK.NS	Canara Bank	Financial Services
CAPLIPOINT.NS	Caplin Point Laboratories Ltd.	Healthcare
CGCL.NS	Capri Global Capital Ltd.	Financial Services
CARBORUNIV.NS	Carborundum Universal Ltd.	Capital Goods
CASTROLIND.NS	Castrol India Ltd.	Oil Gas & Consumable Fuels
CEATLTD.NS	Ceat Ltd.	Automobile and Auto Components
CENTRALBK.NS	Central Bank of India	Financial Services
CDSL.NS	Central Depository Services (India) Ltd.	Financial Services
CENTURYPLY.NS	Century Plyboards (India) Ltd.	Consumer Durables
CERA.NS	Cera Sanitaryware Ltd	Consumer Durables
CHALET.NS	Chalet Hotels Ltd.	Consumer Services
CHAMBLFERT.NS	Chambal Fertilizers & Chemicals Ltd.	Chemicals
CHENNPETRO.NS	Chennai Petroleum Corporation Ltd.	Oil Gas & Consumable Fuels
CHOLAHLDNG.NS	Cholamandalam Financial Holdings Ltd.	Financial Services
CHOLAFIN.NS	Cholamandalam Investment and Finance Company Ltd.	Financial Services
CIPLA.NS	Cipla Ltd.	Healthcare
CUB.NS	City Union Bank Ltd.	Financial Services
CLEAN.NS	Clean Science and Technology Ltd.	Chemicals
COALINDIA.NS	Coal India Ltd.	Oil Gas & Consumable Fuels
COCHINSHIP.NS	Cochin Shipyard Ltd.	Capital Goods
COFORGE.NS	Coforge Ltd.	Information Technology
COHANCE.NS	Cohance Lifesciences Ltd.	Healthcare
COLPAL.NS	Colgate Palmolive (India) Ltd.	Fast Moving Consumer Goods
CAMS.NS	Computer Age Management Services Ltd.	Financial Services
CONCORDBIO.NS	Concord Biotech Ltd.	Healthcare
CONCOR.NS	Container Corporation of India Ltd.	Services
COROMANDEL.NS	Coromandel International Ltd.	Chemicals
CRAFTSMAN.NS	Craftsman Automation Ltd.	Automobile and Auto Components
CREDITACC.NS	CreditAccess Grameen Ltd.	Financial Services
CROMPTON.NS	Crompton Greaves Consumer Electricals Ltd.	Consumer Durables
CUMMINSIND.NS	Cummins India Ltd.	Capital Goods
CYIENT.NS	Cyient Ltd.	Information Technology
DCMSHRIRAM.NS	DCM Shriram Ltd.	Diversified
DLF.NS	DLF Ltd.	Realty
DOMS.NS	DOMS Industries Ltd.	Fast Moving Consumer Goods
DABUR.NS	Dabur India Ltd.	Fast Moving Consumer Goods
DALBHARAT.NS	Dalmia Bharat Ltd.	Construction Materials
DATAPATTNS.NS	Data Patterns (India) Ltd.	Capital Goods
DEEPAKFERT.NS	Deepak Fertilisers & Petrochemicals Corp. Ltd.	Chemicals
DEEPAKNTR.NS	Deepak Nitrite Ltd.	Chemicals
DELHIVERY.NS	Delhivery Ltd.	Services
DEVYANI.NS	Devyani International Ltd.	Consumer Services
DIVISLAB.NS	Divi's Laboratories Ltd.	Healthcare
DIXON.NS	Dixon Technologies (India) Ltd.	Consumer Durables
LALPATHLAB.NS	Dr. Lal Path Labs Ltd.	Healthcare
DRREDDY.NS	Dr. Reddy's Laboratories Ltd.	Healthcare
EIDPARRY.NS	E.I.D. Parry (India) Ltd.	Fast Moving Consumer Goods
EIHOTEL.NS	EIH Ltd.	Consumer Services
EICHERMOT.NS	Eicher Motors Ltd.	Automobile and Auto Components
ELECON.NS	Elecon Engineering Co. Ltd.	Capital Goods
ELGIEQUIP.NS	Elgi Equipments Ltd.	Capital Goods
EMAMILTD.NS	Emami Ltd.	Fast Moving Consumer Goods
EMCURE.NS	Emcure Pharmaceuticals Ltd.	Healthcare
ENDURANCE.NS	Endurance Technologies Ltd.	Automobile and Auto Components
ENGINERSIN.NS	Engineers India Ltd.	Construction
ERIS.NS	Eris Lifesciences Ltd.	Healthcare
ESCORTS.NS	Escorts Kubota Ltd.	Capital Goods
ETERNAL.NS	Eternal Ltd.	Consumer Services
EXIDEIND.NS	Exide Industries Ltd.	Automobile and Auto Components
NYKAA.NS	FSN E-Commerce Ventures Ltd.	Consumer Services
FEDERALBNK.NS	Federal Bank Ltd.	Financial Services
FACT.NS	Fertilisers and Chemicals Travancore Ltd.	Chemicals
FINCABLES.NS	Finolex Cables Ltd.	Capital Goods
FINPIPE.NS	Finolex Industries Ltd.	Capital Goods
FSL.NS	Firstsource Solutions Ltd.	Services
FIVESTAR.NS	Five-Star Business Finance Ltd.	Financial Services
FORTIS.NS	Fortis Healthcare Ltd.	Healthcare
GAIL.NS	GAIL (India) Ltd.	Oil Gas & Consumable Fuels
GVT&D.NS	GE Vernova T&D India Ltd.	Capital Goods
GMRAIRPORT.NS	GMR Airports Ltd.	Services
GRSE.NS	Garden Reach Shipbuilders & Engineers Ltd.	Capital Goods
GICRE.NS	General Insurance Corporation of India	Financial Services
GILLETTE.NS	Gillette India Ltd.	Fast Moving Consumer Goods
GLAND.NS	Gland Pharma Ltd.	Healthcare
GLAXO.NS	Glaxosmithkline Pharmaceuticals Ltd.	Healthcare
GLENMARK.NS	Glenmark Pharmaceuticals Ltd.	Healthcare
MEDANTA.NS	Global Health Ltd.	Healthcare
GODIGIT.NS	Go Digit General Insurance Ltd.	Financial Services
GPIL.NS	Godawari Power & Ispat Ltd.	Capital Goods
GODFRYPHLP.NS	Godfrey Phillips India Ltd.	Fast Moving Consumer Goods
GODREJAGRO.NS	Godrej Agrovet Ltd.	Fast Moving Consumer Goods
GODREJCP.NS	Godrej Consumer Products Ltd.	Fast Moving Consumer Goods
GODREJIND.NS	Godrej Industries Ltd.	Diversified
GODREJPROP.NS	Godrej Properties Ltd.	Realty
GRANULES.NS	Granules India Ltd.	Healthcare
GRAPHITE.NS	Graphite India Ltd.	Capital Goods
GRASIM.NS	Grasim Industries Ltd.	Construction Materials
GRAVITA.NS	Gravita India Ltd.	Metals & Mining
GESHIP.NS	Great Eastern Shipping Co. Ltd.	Services
FLUOROCHEM.NS	Gujarat Fluorochemicals Ltd.	Chemicals
GUJGASLTD.NS	Gujarat Gas Ltd.	Oil Gas & Consumable Fuels
GMDCLTD.NS	Gujarat Mineral Development Corporation Ltd.	Metals & Mining
GNFC.NS	Gujarat Narmada Valley Fertilizers and Chemicals Ltd.	Chemicals
GPPL.NS	Gujarat Pipavav Port Ltd.	Services
GSPL.NS	Gujarat State Petronet Ltd.	Oil Gas & Consumable Fuels
HEG.NS	H.E.G. Ltd.	Capital Goods
HBLENGINE.NS	HBL Engineering Ltd.	Capital Goods
HCLTECH.NS	HCL Technologies Ltd.	Information Technology
HDFCAMC.NS	HDFC Asset Management Company Ltd.	Financial Services
HDFCBANK.NS	HDFC Bank Ltd.	Financial Services
HDFCLIFE.NS	HDFC Life Insurance Company Ltd.	Financial Services
HFCL.NS	HFCL Ltd.	Telecommunication
HAPPSTMNDS.NS	Happiest Minds Technologies Ltd.	Information Technology
HAVELLS.NS	Havells India Ltd.	Consumer Durables
HEROMOTOCO.NS	Hero MotoCorp Ltd.	Automobile and Auto Components
HSCL.NS	Himadri Speciality Chemical Ltd.	Chemicals
HINDALCO.NS	Hindalco Industries Ltd.	Metals & Mining
HAL.NS	Hindustan Aeronautics Ltd.	Capital Goods
HINDCOPPER.NS	Hindustan Copper Ltd.	Metals & Mining
HINDPETRO.NS	Hindustan Petroleum Corporation Ltd.	Oil Gas & Consumable Fuels
HINDUNILVR.NS	Hindustan Unilever Ltd.	Fast Moving Consumer Goods
HINDZINC.NS	Hindustan Zinc Ltd.	Metals & Mining
POWERINDIA.NS	Hitachi Energy India Ltd.	Capital Goods
HOMEFIRST.NS	Home First Finance Company India Ltd.	Financial Services
HONASA.NS	Honasa Consumer Ltd.	Fast Moving Consumer Goods
HONAUT.NS	Honeywell Automation India Ltd.	Capital Goods
HUDCO.NS	Housing & Urban Development Corporation Ltd.	Financial Services
HYUNDAI.NS	Hyundai Motor India Ltd.	Automobile and Auto Components
ICICIBANK.NS	ICICI Bank Ltd.	Financial Services
ICICIGI.NS	ICICI Lombard General Insurance Company Ltd.	Financial Services
ICICIPRULI.NS	ICICI Prudential Life Insurance Company Ltd.	Financial Services
IDBI.NS	IDBI Bank Ltd.	Financial Services
IDFCFIRSTB.NS	IDFC First Bank Ltd.	Financial Services
IFCI.NS	IFCI Ltd.	Financial Services
IIFL.NS	IIFL Finance Ltd.	Financial Services
INOXINDIA.NS	INOX India Ltd.	Capital Goods
IRB.NS	IRB Infrastructure Developers Ltd.	Construction
IRCON.NS	IRCON International Ltd.	Construction
ITC.NS	ITC Ltd.	Fast Moving Consumer Goods
ITI.NS	ITI Ltd.	Telecommunication
INDGN.NS	Indegene Ltd.	Healthcare
INDIACEM.NS	India Cements Ltd.	Construction Materials
INDIAMART.NS	Indiamart Intermesh Ltd.	Consumer Services
INDIANB.NS	Indian Bank	Financial Services
IEX.NS	Indian Energy Exchange Ltd.	Financial Services
INDHOTEL.NS	Indian Hotels Co. Ltd.	Consumer Services
IOC.NS	Indian Oil Corporation Ltd.	Oil Gas & Consumable Fuels
IOB.NS	Indian Overseas Bank	Financial Services
IRCTC.NS	Indian Railway Catering And Tourism Corporation Ltd.	Consumer Services
IRFC.NS	Indian Railway Finance Corporation Ltd.	Financial Services
IREDA.NS	Indian Renewable Energy Development Agency Ltd.	Financial Services
IGL.NS	Indraprastha Gas Ltd.	Oil Gas & Consumable Fuels
INDUSTOWER.NS	Indus Towers Ltd.	Telecommunication
INDUSINDBK.NS	IndusInd Bank Ltd.	Financial Services
NAUKRI.NS	Info Edge (India) Ltd.	Consumer Services
INFY.NS	Infosys Ltd.	Information Technology
INOXWIND.NS	Inox Wind Ltd.	Capital Goods
INTELLECT.NS	Intellect Design Arena Ltd.	Information Technology
INDIGO.NS	InterGlobe Aviation Ltd.	Services
IGIL.NS	International Gemmological Institute (India) Ltd.	Services
IKS.NS	Inventurus Knowledge Solutions Ltd.	Information Technology
IPCALAB.NS	Ipca Laboratories Ltd.	Healthcare
JBCHEPHARM.NS	J.B. Chemicals & Pharmaceuticals Ltd.	Healthcare
JKCEMENT.NS	J.K. Cement Ltd.	Construction Materials
JBMA.NS	JBM Auto Ltd.	Automobile and Auto Components
JKTYRE.NS	JK Tyre & Industries Ltd.	Automobile and Auto Components
JMFINANCIL.NS	JM Financial Ltd.	Financial Services
JSWENERGY.NS	JSW Energy Ltd.	Power
JSWHL.NS	JSW Holdings Ltd.	Financial Services
JSWINFRA.NS	JSW Infrastructure Ltd.	Services
JSWSTEEL.NS	JSW Steel Ltd.	Metals & Mining
JPPOWER.NS	Jaiprakash Power Ventures Ltd.	Power
J&KBANK.NS	Jammu & Kashmir Bank Ltd.	Financial Services
JINDALSAW.NS	Jindal Saw Ltd.	Capital Goods
JSL.NS	Jindal Stainless Ltd.	Metals & Mining
JINDALSTEL.NS	Jindal Steel & Power Ltd.	Metals & Mining
JIOFIN.NS	Jio Financial Services Ltd.	Financial Services
JUBLFOOD.NS	Jubilant Foodworks Ltd.	Consumer Services
JUBLINGREA.NS	Jubilant Ingrevia Ltd.	Chemicals
JUBLPHARMA.NS	Jubilant Pharmova Ltd.	Healthcare
JWL.NS	Jupiter Wagons Ltd.	Capital Goods
JUSTDIAL.NS	Justdial Ltd.	Consumer Services
JYOTHYLAB.NS	Jyothy Labs Ltd.	Fast Moving Consumer Goods
JYOTICNC.NS	Jyoti CNC Automation Ltd.	Capital Goods
KPRMILL.NS	K.P.R. Mill Ltd.	Textiles
KEI.NS	KEI Industries Ltd.	Capital Goods
KNRCON.NS	KNR Constructions Ltd.	Construction
KPITTECH.NS	KPIT Technologies Ltd.	Information Technology
KAJARIACER.NS	Kajaria Ceramics Ltd.	Consumer Durables
KPIL.NS	Kalpataru Projects International Ltd.	Construction
KALYANKJIL.NS	Kalyan Jewellers India Ltd.	Consumer Durables
KANSAINER.NS	Kansai Nerolac Paints Ltd.	Consumer Durables
KARURVYSYA.NS	Karur Vysya Bank Ltd.	Financial Services
KAYNES.NS	Kaynes Technology India Ltd.	Capital Goods
KEC.NS	Kec International Ltd.	Construction
KFINTECH.NS	Kfin Technologies Ltd.	Financial Services
KIRLOSBROS.NS	Kirloskar Brothers Ltd.	Capital Goods
KIRLOSENG.NS	Kirloskar Oil Eng Ltd.	Capital Goods
KOTAKBANK.NS	Kotak Mahindra Bank Ltd.	Financial Services
KIMS.NS	Krishna Institute of Medical Sciences Ltd.	Healthcare
LTF.NS	L&T Finance Ltd.	Financial Services
LTTS.NS	L&T Technology Services Ltd.	Information Technology
LICHSGFIN.NS	LIC Housing Finance Ltd.	Financial Services
LTFOODS.NS	LT Foods Ltd.	Fast Moving Consumer Goods
LTIM.NS	LTIMindtree Ltd.	Information Technology
LT.NS	Larsen & Toubro Ltd.	Construction
LATENTVIEW.NS	Latent View Analytics Ltd.	Information Technology
LAURUSLABS.NS	Laurus Labs Ltd.	Healthcare
LEMONTREE.NS	Lemon Tree Hotels Ltd.	Consumer Services
LICI.NS	Life Insurance Corporation of India	Financial Services
LINDEINDIA.NS	Linde India Ltd.	Chemicals
LLOYDSME.NS	Lloyds Metals And Energy Ltd.	Metals & Mining
LODHA.NS	Lodha Developers Ltd.	Realty
LUPIN.NS	Lupin Ltd.	Healthcare
MMTC.NS	MMTC Ltd.	Services
MRF.NS	MRF Ltd.	Automobile and Auto Components
MGL.NS	Mahanagar Gas Ltd.	Oil Gas & Consumable Fuels
MAHSEAMLES.NS	Maharashtra Seamless Ltd.	Capital Goods
M&MFIN.NS	Mahindra & Mahindra Financial Services Ltd.	Financial Services
M&M.NS	Mahindra & Mahindra Ltd.	Automobile and Auto Components
MANAPPURAM.NS	Manappuram Finance Ltd.	Financial Services
MRPL.NS	Mangalore Refinery & Petrochemicals Ltd.	Oil Gas & Consumable Fuels
MANKIND.NS	Mankind Pharma Ltd.	Healthcare
MARICO.NS	Marico Ltd.	Fast Moving Consumer Goods
MARUTI.NS	Maruti Suzuki India Ltd.	Automobile and Auto Components
MASTEK.NS	Mastek Ltd.	Information Technology
MFSL.NS	Max Financial Services Ltd.	Financial Services
MAXHEALTH.NS	Max Healthcare Institute Ltd.	Healthcare
MAZDOCK.NS	Mazagoan Dock Shipbuilders Ltd.	Capital Goods
METROPOLIS.NS	Metropolis Healthcare Ltd.	Healthcare
MINDACORP.NS	Minda Corporation Ltd.	Automobile and Auto Components
MSUMI.NS	Motherson Sumi Wiring India Ltd.	Automobile and Auto Components
MOTILALOFS.NS	Motilal Oswal Financial Services Ltd.	Financial Services
MPHASIS.NS	MphasiS Ltd.	Information Technology
MCX.NS	Multi Commodity Exchange of India Ltd.	Financial Services
MUTHOOTFIN.NS	Muthoot Finance Ltd.	Financial Services
NATCOPHARM.NS	NATCO Pharma Ltd.	Healthcare
NBCC.NS	NBCC (India) Ltd.	Construction
NCC.NS	NCC Ltd.	Construction
NHPC.NS	NHPC Ltd.	Power
NLCINDIA.NS	NLC India Ltd.	Power
NMDC.NS	NMDC Ltd.	Metals & Mining
NSLNISP.NS	NMDC Steel Ltd.	Metals & Mining
NTPCGREEN.NS	NTPC Green Energy Ltd.	Power
NTPC.NS	NTPC Ltd.	Power
NH.NS	Narayana Hrudayalaya Ltd.	Healthcare
NATIONALUM.NS	National Aluminium Co. Ltd.	Metals & Mining
NAVA.NS	Nava Ltd.	Power
NAVINFLUOR.NS	Navin Fluorine International Ltd.	Chemicals
NESTLEIND.NS	Nestle India Ltd.	Fast Moving Consumer Goods
NETWEB.NS	Netweb Technologies India Ltd.	Information Technology
NETWORK18.NS	Network18 Media & Investments Ltd.	Media Entertainment & Publication
NEULANDLAB.NS	Neuland Laboratories Ltd.	Healthcare
NEWGEN.NS	Newgen Software Technologies Ltd.	Information Technology
NAM-INDIA.NS	Nippon Life India Asset Management Ltd.	Financial Services
NIVABUPA.NS	Niva Bupa Health Insurance Company Ltd.	Financial Services
NUVAMA.NS	Nuvama Wealth Management Ltd.	Financial Services
OBEROIRLTY.NS	Oberoi Realty Ltd.	Realty
ONGC.NS	Oil & Natural Gas Corporation Ltd.	Oil Gas & Consumable Fuels
OIL.NS	Oil India Ltd.	Oil Gas & Consumable Fuels
OLAELEC.NS	Ola Electric Mobility Ltd.	Automobile and Auto Components
OLECTRA.NS	Olectra Greentech Ltd.	Automobile and Auto Components
PAYTM.NS	One 97 Communications Ltd.	Financial Services
OFSS.NS	Oracle Financial Services Software Ltd.	Information Technology
POLICYBZR.NS	PB Fintech Ltd.	Financial Services
PCBL.NS	PCBL Chemical Ltd.	Chemicals
PGEL.NS	PG Electroplast Ltd.	Consumer Durables
PIIND.NS	PI Industries Ltd.	Chemicals
PNBHOUSING.NS	PNB Housing Finance Ltd.	Financial Services
PNCINFRA.NS	PNC Infratech Ltd.	Construction
PTCIL.NS	PTC Industries Ltd.	Capital Goods
PVRINOX.NS	PVR INOX Ltd.	Media Entertainment & Publication
PAGEIND.NS	Page Industries Ltd.	Textiles
PATANJALI.NS	Patanjali Foods Ltd.	Fast Moving Consumer Goods
PERSISTENT.NS	Persistent Systems Ltd.	Information Technology
PETRONET.NS	Petronet LNG Ltd.	Oil Gas & Consumable Fuels
PFIZER.NS	Pfizer Ltd.	Healthcare
PHOENIXLTD.NS	Phoenix Mills Ltd.	Realty
PIDILITIND.NS	Pidilite Industries Ltd.	Chemicals
PEL.NS	Piramal Enterprises Ltd.	Financial Services
PPLPHARMA.NS	Piramal Pharma Ltd.	Healthcare
POLYMED.NS	Poly Medicure Ltd.	Healthcare
POLYCAB.NS	Polycab India Ltd.	Capital Goods
POONAWALLA.NS	Poonawalla Fincorp Ltd.	Financial Services
PFC.NS	Power Finance Corporation Ltd.	Financial Services
POWERGRID.NS	Power Grid Corporation of India Ltd.	Power
PRAJIND.NS	Praj Industries Ltd.	Capital Goods
PREMIERENE.NS	Premier Energies Ltd.	Capital Goods
PRESTIGE.NS	Prestige Estates Projects Ltd.	Realty
PNB.NS	Punjab National Bank	Financial Services
RRKABEL.NS	R R Kabel Ltd.	Capital Goods
RBLBANK.NS	RBL Bank Ltd.	Financial Services
RECLTD.NS	REC Ltd.	Financial Services
RHIM.NS	RHI MAGNESITA INDIA LTD.	Capital Goods
RITES.NS	RITES Ltd.	Construction
RADICO.NS	Radico Khaitan Ltd	Fast Moving Consumer Goods
RVNL.NS	Rail Vikas Nigam Ltd.	Construction
RAILTEL.NS	Railtel Corporation Of India Ltd.	Telecommunication
RAINBOW.NS	Rainbow Childrens Medicare Ltd.	Healthcare
RKFORGE.NS	Ramkrishna Forgings Ltd.	Automobile and Auto Components
RCF.NS	Rashtriya Chemicals & Fertilizers Ltd.	Chemicals
RTNINDIA.NS	RattanIndia Enterprises Ltd.	Consumer Services
RAYMONDLSL.NS	Raymond Lifestyle Ltd.	Textiles
RAYMOND.NS	Raymond Ltd.	Realty
REDINGTON.NS	Redington Ltd.	Services
RELIANCE.NS	Reliance Industries Ltd.	Oil Gas & Consumable Fuels
RPOWER.NS	Reliance Power Ltd.	Power
ROUTE.NS	Route Mobile Ltd.	Telecommunication
SBFC.NS	SBFC Finance Ltd.	Financial Services
SBICARD.NS	SBI Cards and Payment Services Ltd.	Financial Services
SBILIFE.NS	SBI Life Insurance Company Ltd.	Financial Services
SJVN.NS	SJVN Ltd.	Power
SKFINDIA.NS	SKF India Ltd.	Capital Goods
SRF.NS	SRF Ltd.	Chemicals
SAGILITY.NS	Sagility India Ltd.	Information Technology
SAILIFE.NS	Sai Life Sciences Ltd.	Healthcare
SAMMAANCAP.NS	Sammaan Capital Ltd.	Financial Services
MOTHERSON.NS	Samvardhana Motherson International Ltd.	Automobile and Auto Components
SAPPHIRE.NS	Sapphire Foods India Ltd.	Consumer Services
SARDAEN.NS	Sarda Energy and Minerals Ltd.	Metals & Mining
SAREGAMA.NS	Saregama India Ltd	Media Entertainment & Publication
SCHAEFFLER.NS	Schaeffler India Ltd.	Automobile and Auto Components
SCHNEIDER.NS	Schneider Electric Infrastructure Ltd.	Capital Goods
SCI.NS	Shipping Corporation of India Ltd.	Services
SHREECEM.NS	Shree Cement Ltd.	Construction Materials
RENUKA.NS	Shree Renuka Sugars Ltd.	Fast Moving Consumer Goods
SHRIRAMFIN.NS	Shriram Finance Ltd.	Financial Services
SHYAMMETL.NS	Shyam Metalics and Energy Ltd.	Capital Goods
SIEMENS.NS	Siemens Ltd.	Capital Goods
SIGNATURE.NS	Signatureglobal (India) Ltd.	Realty
SOBHA.NS	Sobha Ltd.	Realty
SOLARINDS.NS	Solar Industries India Ltd.	Chemicals
SONACOMS.NS	Sona BLW Precision Forgings Ltd.	Automobile and Auto Components
SONATSOFTW.NS	Sonata Software Ltd.	Information Technology
STARHEALTH.NS	Star Health and Allied Insurance Company Ltd.	Financial Services
SBIN.NS	State Bank of India	Financial Services
SAIL.NS	Steel Authority of India Ltd.	Metals & Mining
SWSOLAR.NS	Sterling and Wilson Renewable Energy Ltd.	Construction
SUMICHEM.NS	Sumitomo Chemical India Ltd.	Chemicals
SUNPHARMA.NS	Sun Pharmaceutical Industries Ltd.	Healthcare
SUNTV.NS	Sun TV Network Ltd.	Media Entertainment & Publication
SUNDARMFIN.NS	Sundaram Finance Ltd.	Financial Services
SUNDRMFAST.NS	Sundram Fasteners Ltd.	Automobile and Auto Components
SUPREMEIND.NS	Supreme Industries Ltd.	Capital Goods
SUZLON.NS	Suzlon Energy Ltd.	Capital Goods
SWANENERGY.NS	Swan Energy Ltd.	Chemicals
SWIGGY.NS	Swiggy Ltd.	Consumer Services
SYNGENE.NS	Syngene International Ltd.	Healthcare
SYRMA.NS	Syrma SGS Technology Ltd.	Capital Goods
TBOTEK.NS	TBO Tek Ltd.	Consumer Services
TVSMOTOR.NS	TVS Motor Company Ltd.	Automobile and Auto Components
TANLA.NS	Tanla Platforms Ltd.	Information Technology
TATACHEM.NS	Tata Chemicals Ltd.	Chemicals
TATACOMM.NS	Tata Communications Ltd.	Telecommunication
TCS.NS	Tata Consultancy Services Ltd.	Information Technology
TATACONSUM.NS	Tata Consumer Products Ltd.	Fast Moving Consumer Goods
TATAELXSI.NS	Tata Elxsi Ltd.	Information Technology
TATAINVEST.NS	Tata Investment Corporation Ltd.	Financial Services
TATAMOTORS.NS	Tata Motors Ltd.	Automobile and Auto Components
TATAPOWER.NS	Tata Power Co. Ltd.	Power
TATASTEEL.NS	Tata Steel Ltd.	Metals & Mining
TATATECH.NS	Tata Technologies Ltd.	Information Technology
TTML.NS	Tata Teleservices (Maharashtra) Ltd.	Telecommunication
TECHM.NS	Tech Mahindra Ltd.	Information Technology
TECHNOE.NS	Techno Electric & Engineering Company Ltd.	Construction
TEJASNET.NS	Tejas Networks Ltd.	Telecommunication
NIACL.NS	The New India Assurance Company Ltd.	Financial Services
RAMCOCEM.NS	The Ramco Cements Ltd.	Construction Materials
THERMAX.NS	Thermax Ltd.	Capital Goods
TIMKEN.NS	Timken India Ltd.	Capital Goods
TITAGARH.NS	Titagarh Rail Systems Ltd.	Capital Goods
TITAN.NS	Titan Company Ltd.	Consumer Durables
TORNTPHARM.NS	Torrent Pharmaceuticals Ltd.	Healthcare
TORNTPOWER.NS	Torrent Power Ltd.	Power
TARIL.NS	Transformers And Rectifiers (India) Ltd.	Capital Goods
TRENT.NS	Trent Ltd.	Consumer Services
TRIDENT.NS	Trident Ltd.	Textiles
TRIVENI.NS	Triveni Engineering & Industries Ltd.	Fast Moving Consumer Goods
TRITURBINE.NS	Triveni Turbine Ltd.	Capital Goods
TIINDIA.NS	Tube Investments of India Ltd.	Automobile and Auto Components
UCOBANK.NS	UCO Bank	Financial Services
UNOMINDA.NS	UNO Minda Ltd.	Automobile and Auto Components
UPL.NS	UPL Ltd.	Chemicals
UTIAMC.NS	UTI Asset Management Company Ltd.	Financial Services
ULTRACEMCO.NS	UltraTech Cement Ltd.	Construction Materials
UNIONBANK.NS	Union Bank of India	Financial Services
UBL.NS	United Breweries Ltd.	Fast Moving Consumer Goods
UNITDSPR.NS	United Spirits Ltd.	Fast Moving Consumer Goods
USHAMART.NS	Usha Martin Ltd.	Capital Goods
VGUARD.NS	V-Guard Industries Ltd.	Consumer Durables
DBREALTY.NS	Valor Estate Ltd.	Consumer Services
VTL.NS	Vardhman Textiles Ltd.	Textiles
VBL.NS	Varun Beverages Ltd.	Fast Moving Consumer Goods
MANYAVAR.NS	Vedant Fashions Ltd.	Consumer Services
VEDL.NS	Vedanta Ltd.	Metals & Mining
VIJAYA.NS	Vijaya Diagnostic Centre Ltd.	Healthcare
VMM.NS	Vishal Mega Mart Ltd.	Consumer Services
IDEA.NS	Vodafone Idea Ltd.	Telecommunication
VOLTAS.NS	Voltas Ltd.	Consumer Durables
WAAREEENER.NS	Waaree Energies Ltd.	Capital Goods
WELCORP.NS	Welspun Corp Ltd.	Capital Goods
WELSPUNLIV.NS	Welspun Living Ltd.	Textiles
WESTLIFE.NS	Westlife Foodworld Ltd.	Consumer Services
WHIRLPOOL.NS	Whirlpool of India Ltd.	Consumer Durables
WIPRO.NS	Wipro Ltd.	Information Technology
WOCKPHARMA.NS	Wockhardt Ltd.	Healthcare
YESBANK.NS	Yes Bank Ltd.	Financial Services
ZFCVINDIA.NS	ZF Commercial Vehicle Control Systems India Ltd.	Automobile and Auto Components
ZEEL.NS	Zee Entertainment Enterprises Ltd.	Media Entertainment & Publication
ZENTEC.NS	Zen Technologies Ltd.	Capital Goods
ZENSARTECH.NS	Zensar Technolgies Ltd.	Information Technology
ZYDUSLIFE.NS	Zydus Lifesciences Ltd.	Healthcare
ECLERX.NS	eClerx Services Ltd.	Services